folio,intp,entidad,desc_ent,sexo,edad,meses,peso,ropa,talla,emb,temb,cintura,cadera,sistol,diastol,hpresion,tbrazo,htension,PrimaryLast,code_upm,est_dis,est_urb,est_marg,pondef,est_var
101655,3,10,DURANGO,2,11,11,35.65,2,145.1, , ,64,75,70,50,15:25,3,15:25,1,M1041,1,1,1,417.946672,101
91526,4,9,DISTRITO FEDERAL,1,10,8,33.4,2,146.5, , ,60.6,72.2,71,64,7:40,3,7:45,1,M0931,4,3,2,1832.581391,94
241555,3,24,SAN LUIS POTOSI,1,10,7,31.9,1,141.45, , ,59.5,75,73,50.75,20:12,1,20:19,1,M2435,5,3,1,588.463281,245
211879,2,21,PUEBLA,2,10,9,31.95,2,134.95, , ,57.3,70.1,74,39,22:22,2,15:11,1,M2144,1,1,1,1879.750532,211
80135,3,8,CHIHUAHUA,2,11,9,32.4,1,136.6, , ,63.4,73.4,75,51,18:32,3,18:32,1,M0804,7,1,1,589.164005,85